"Huetz de Lemps"; "Léa" ; "Léa Huetz de Lemps"
"Bonnier"; "Marie-Clothilde"; "Marie-Clothilde Bonnier"
"Gonneau"; "Gratien"; "Gratien Gonneau"
"Escoffier"; "Anne-Orianne"; "Anne-Orianne Escoffier"
"Bruel"; "Pierre-Irénée"; "Pierre-Irénée Bruel"
"Doré"; "Evette"; "Evette Doré"
"Villeminoz"; "Florentin"; "Florentin Villeminoz"
"Hemeryck"; "Marie-Osanne"; "Marie-Osanne Hemeryck"
"Tournaire"; "Marie-Chloé"; "Marie-Chloé Tournaire"
"Malet"; "Anne-Olivie"; "Anne-Olivie Malet"
"Gauthier"; "Jacques"; "Jacques Gauthier"
"Oppetit-Perné"; "Anne-Charlotte"; "Anne-Charlotte Oppetit-Perné"
"Barbey"; "Pierre-Dimitri"; "Pierre-Dimitri Barbey"
"Langlois"; "Anne-Agathe"; "Anne-Agathe Langlois"
"Mendousse"; "Georges-Marie"; "Georges-Marie Mendousse"
"Corriou"; "Irene"; "Irene Corriou"
"Raze"; "Jean-Pascal"; "Jean-Pascal Raze"
"Gombert"; "Lunete"; "Lunete Gombert"
"Morgat"; "Jean-Emmanuel"; "Jean-Emmanuel Morgat"
"Denis"; "Anne-Valérie"; "Anne-Valérie Denis"
"Zéphir"; "Jean-Raphaël"; "Jean-Raphaël Zéphir"
"Emanuelli"; "Marielle"; "Marielle Emanuelli"
"Richard"; "Pierre-Philippe"; "Pierre-Philippe Richard"
"Casselle"; "Dieudonné"; "Dieudonné Casselle"
"Gaillard"; "Céleste-Marie"; "Céleste-Marie Gaillard"
"Kim"; "Marie-Anne"; "Marie-Anne Kim"
"Guillemain"; "Jean-Gratien"; "Jean-Gratien Guillemain"
"Roquelet"; "Anne-Toinette"; "Anne-Toinette Roquelet"
"Blum"; "Timothee"; "Timothee Blum"
"Estienne"; "Anne-Marcellette"; "Anne-Marcellette Estienne"
"Bus"; "Anne-Aurore"; "Anne-Aurore Bus"
"Lefèvre-Pontalis"; "Jean-Olympe"; "Jean-Olympe Lefèvre-Pontalis"
"Girard"; "Onesime"; "Onesime Girard"
"Floquet"; "Pierre-Rainier"; "Pierre-Rainier Floquet"
"Mahn"; "Anne-Rochelle"; "Anne-Rochelle Mahn"
"Simeray"; "Pierre-Rodolphe"; "Pierre-Rodolphe Simeray"
"Vannotti"; "Anne-Adeline"; "Anne-Adeline Vannotti"
"Staes"; "Régis"; "Régis Staes"
"Vendel"; "Marie-Évariste"; "Marie-Évariste Vendel"
"Ferry (de)"; "Pierre-Marc"; "Pierre-Marc De Ferry"
"Adam"; "Matthieu"; "Matthieu Adam"
"Mas-Latrie (de)"; "Arlette"; "Arlette De Mas-Latrie"
"Moris"; "Perceval-Marie"; "Perceval-Marie Moris"
"Lafond"; "Marie-Nathalie"; "Marie-Nathalie Lafond"
"Costa"; "Jean-Cyrille"; "Jean-Cyrille Costa"
"Boitel"; "Marie-Adeline"; "Marie-Adeline Boitel"
"Maury"; "Jean-Évariste"; "Jean-Évariste Maury"
"Fagniez"; "Marie-Irene"; "Marie-Irene Fagniez"
"Isnard"; "Pierre-Raoul"; "Pierre-Raoul Isnard"
"Morel-Fatio"; "Marie-Paule"; "Marie-Paule Morel-Fatio"
"Morin"; "Pierre-Dieudonné"; "Pierre-Dieudonné Morin"
"Fournié"; "Maximilienne"; "Maximilienne Fournié"
"Durrande"; "Pierre-Perceval"; "Pierre-Perceval Durrande"
"Perrochet"; "Catherine"; "Catherine Perrochet"
"Bos"; "Anastasie"; "Anastasie Bos"
"Queyroux"; "Gaston"; "Gaston Queyroux"
"Hauchecorne"; "Marie-Aurore"; "Marie-Aurore Hauchecorne"
"Wacquet-Point"; "Pierre-Evrard"; "Pierre-Evrard Wacquet-Point"
"Maricourt (de)"; "Anne-Louise"; "Anne-Louise De Maricourt"
"Le Maresquier"; "Richard-Marie"; "Richard-Marie Le Maresquier"
"Vermander"; "Yanick"; "Yanick Vermander"
"François"; "Irénée"; "Irénée François"
"Cadier-Sabatier"; "Marie-Agathe"; "Marie-Agathe Cadier-Sabatier"
"Cras"; "Cesaire-Marie"; "Cesaire-Marie Cras"
"Le Corfec"; "Denise"; "Denise Le Corfec"
"Turiaf"; "Pierre-Thierry"; "Pierre-Thierry Turiaf"
"Delisle"; "Marie-Laurence"; "Marie-Laurence Delisle"
"Dargaud"; "Jean-Gervais"; "Jean-Gervais Dargaud"
"Guelfucci"; "Marie-Melanie"; "Marie-Melanie Guelfucci"
"Malavieille"; "Jean-Zacharie"; "Jean-Zacharie Malavieille"
"Grand"; "Anne-Aurore"; "Anne-Aurore Grand"
"Lenormand"; "Renard"; "Renard Lenormand"
"Combes"; "Anne-Julie"; "Anne-Julie Combes"
"Turck"; "Jean-Maurice"; "Jean-Maurice Turck"
"Valette"; "Benjamine"; "Benjamine Valette"
"Bessot De Lamothe"; "Anne-Onesime"; "Anne-Onesime Bessot De Lamothe"
"Loth"; "Brice"; "Brice Loth"
"Pris"; "Cosette"; "Cosette Pris"
"Rousseau"; "Anne-Irénée"; "Anne-Irénée Rousseau"
"Ducourtieux"; "Pierre-Ferdinand"; "Pierre-Ferdinand Ducourtieux"
"Junca"; "Marie-Mirabelle"; "Marie-Mirabelle Junca"
"Jabraud"; "Pierre-Bertrand"; "Pierre-Bertrand Jabraud"
"Quétin-Pierre"; "Anne-Cosette"; "Anne-Cosette Quétin-Pierre"
"Milliez"; "Jean-Modeste"; "Jean-Modeste Milliez"
"Boulet"; "Marie-Agnès"; "Marie-Agnès Boulet"
"La Borie De La Batut (de)"; "Pierre-Thomas"; "Pierre-Thomas De La Borie De La Batut"
"Garnier"; "Marie-Axelle"; "Marie-Axelle Garnier"
"Mahieu"; "Évariste"; "Évariste Mahieu"
"Rivoire"; "Constance"; "Constance Rivoire"
"Rondeau"; "Severin"; "Severin Rondeau"
"Perrier"; "Marie-Brigitte"; "Marie-Brigitte Perrier"
"Champy"; "Marie-Amélie"; "Marie-Amélie Champy"
"Eygun"; "Pierre-Thierry"; "Pierre-Thierry Eygun"
"Desvaux"; "Geoffroi-Marie"; "Geoffroi-Marie Desvaux"
"Guyotjeannin"; "Anne-Oriane"; "Anne-Oriane Guyotjeannin"
"Alquier"; "Pierre-Jeannot"; "Pierre-Jeannot Alquier"
"Bouquillard"; "Liane"; "Liane Bouquillard"
"Queyroux"; "Charles-Marie"; "Charles-Marie Queyroux"
"Badalo-Dulong"; "Marcelline"; "Marcelline Badalo-Dulong"
"Tesnière"; "Anne-Jolie"; "Anne-Jolie Tesnière"
"Cazacu"; "Bertrand"; "Bertrand Cazacu"
"Prost"; "Marie-Valery"; "Marie-Valery Prost"
"Romefort (de)"; "Anne-Clémence"; "Anne-Clémence de Romefort"
"Gazier"; "Geraud"; "Geraud Gazier"
"Salet"; "Yolande"; "Yolande Salet"
"Fagniez"; "Jean-Marie"; "Jean-Marie Fagniez"
"Guichard"; "Giselle"; "Giselle Guichard"
"Ferrera"; "Xavier-Marie"; "Xavier-Marie Ferrera"
"Delmas"; "Anne-Berthe"; "Anne-Berthe Delmas"
"Coulaud"; "Corin"; "Corin Coulaud"
"Charronnet"; "Rolande"; "Rolande Charronnet"
"Beaucorps (de)"; "Jean-Thomas"; "Jean-Thomas De Beaucorps"
"Székely-Calma"; "Anne-Berthe"; "Anne-Berthe Székely-Calma"
"Girard"; "Jean-Serge"; "Jean-Serge Girard"
"Hamm"; "Marie-Aurore"; "Marie-Aurore Hamm"
"Leroux"; "Jean-Ghislain"; "Jean-Ghislain Leroux"
"Chevreux"; "Anne-Gaétane"; "Anne-Gaétane Chevreux"
"Ceccaldi"; "Basile"; "Basile Ceccaldi"
"Le Coq"; "Valère"; "Valère Le Coq"
"Berthou (de)"; "Marie-Hélène"; "Marie-Hélène De Berthou"
"Mahn-Lot"; "Lambert-Marie"; "Lambert-Marie Mahn-Lot"
"Serrepuy"; "Anne-Cerise"; "Anne-Cerise Serrepuy"
"Sablonnière"; "Jourdain-Marie"; "Jourdain-Marie Sablonnière"
"Collon"; "Jean-Sacha"; "Jean-Sacha Collon"
"Bertoldi"; "Marie-Rachel"; "Marie-Rachel Bertoldi"
"Verdure"; "Reynaud-Marie"; "Reynaud-Marie Verdure"
"Pavlidès"; "Anne-Luce"; "Anne-Luce Pavlidès"
"Bastard (de)"; "Anne-Emma"; "Anne-Emma De Bastard"
"Collier"; "Jean-Marcel"; "Jean-Marcel Collier"
"Raze"; "Anne-Violette"; "Anne-Violette Raze"
"Letrait"; "Jean-Noël"; "Jean-Noël Letrait"
"Dupic"; "Monique"; "Monique Dupic"
"Muzerelle-Hardouin"; "Pierre-Armel"; "Pierre-Armel Muzerelle-Hardouin"
"Duchet-Suchaux"; "Hermine"; "Hermine Duchet-Suchaux"
"Bléry"; "Jean-Apollinaire"; "Jean-Apollinaire Bléry"
"Delcambre"; "Anne-Marcellette"; "Anne-Marcellette Delcambre"
"La Véronne (de)"; "Rodolph-Marie"; "Rodolph-Marie De La Véronne"
"Rocher"; "Marie-Fernande"; "Marie-Fernande Rocher"
"Sepet"; "Félix"; "Félix Sepet"
"Louis"; "Joséphine"; "Joséphine Louis"
"Barbier"; "Leandre"; "Leandre Barbier"
"Deprez"; "Marie-Placide"; "Marie-Placide Deprez"
"Poidevin-Drouhet"; "Jean-Perceval"; "Jean-Perceval Poidevin-Drouhet"
"Ziegler"; "Anne-Rosemonde"; "Anne-Rosemonde Ziegler"
"Lecoy"; "Gautier-Marie"; "Gautier-Marie Lecoy"
"Henriot"; "Daniele"; "Daniele Henriot"
"Jeuniaux"; "Hippolyte-Marie"; "Hippolyte-Marie Jeuniaux"
"Gras"; "Marie-Nadia"; "Marie-Nadia Gras"
"Mosser"; "Pierre-Leandre"; "Pierre-Leandre Mosser"
"Jullien-Charels"; "Marie-Alice"; "Marie-Alice Jullien-Charels"
"Goubaux"; "Jean-Lionel"; "Jean-Lionel Goubaux"
"Davy"; "Marie-Constance"; "Marie-Constance Davy"
"Gigot"; "Julien"; "Julien Gigot"
"Le Guennec"; "Anne-Sidonie"; "Anne-Sidonie Le Guennec"
"Herbomez (d’)"; "Jean-Yannick"; "Jean-Yannick d’ Herbomez"
Fournoux La Chaze, De, Marie-Josephe
"Thomet"; "Flavie"; "Flavie Thomet"
"Denieul-Cormier"; "Pierre-Thibault"; "Pierre-Thibault Denieul-Cormier"
"Roy"; "Patrick"; "Patrick Roy"
"Buffet"; "Anne-Mirabelle"; "Anne-Mirabelle Buffet"
"Faivre d’Arcier"; "Jean-Alexis"; "Jean-Alexis Faivre d’Arcier"
"Brièle"; "Anne-Jeanine"; "Anne-Jeanine Brièle"
"Pariset"; "Pons-Marie"; "Pons-Marie Pariset"
"Renou"; "Marie-Marie"; "Marie-Marie Renou"
"Davy"; "Jean-Lionel"; "Jean-Lionel Davy"
"Duboscq"; "Modeste"; "Modeste Duboscq"
"Bichelonne"; "Maximilien"; "Maximilien Bichelonne"
"Miguet"; "Marie-Isabelle"; "Marie-Isabelle Miguet"
"Peyrègne"; "Rémi"; "Rémi Peyrègne"
"Coeur"; "Noémie"; "Noémie Coeur"
"Pressac"; "Pierre-Guillaume"; "Pierre-Guillaume Pressac"
"Roth"; "Francine"; "Francine Roth"
"Colin"; "Jean-Félicien"; "Jean-Félicien Colin"
"Vidron"; "Anne-Gigi"; "Anne-Gigi Vidron"
"Oursel"; "Samuel-Marie"; "Samuel-Marie Oursel"
"Grandmottet"; "Marie-Bernardine"; "Marie-Bernardine Grandmottet"
"Hemeryck"; "Marie-Jeanine"; "Marie-Jeanine Hemeryck"
"Bouvet"; "Pierre-Firmin"; "Pierre-Firmin Bouvet"
"Fréchet"; "Anne"; "Anne Fréchet"
"Pange (de)"; "Yann"; "Yann De Pange"
"Bloche"; "Anne-Georgette"; "Anne-Georgette Bloche"
"Beyeler"; "Céleste"; "Céleste Beyeler"
"Bourel De La Roncière"; "Eloise"; "Eloise Bourel De La Roncière"
"Monzat"; "Marie-Eugénie"; "Marie-Eugénie Monzat"
"Chatel"; "Jean-Fernand"; "Jean-Fernand Chatel"
"Bédel-Bénard"; "Anne-Felicie"; "Anne-Felicie Bédel-Bénard"
"Marichal"; "Achille"; "Achille Marichal"
"Richard"; "Anne-Fernande"; "Anne-Fernande Richard"
"Servois"; "Jean-Telesphore"; "Jean-Telesphore Servois"
"Delafosse"; "Jean-Roland"; "Jean-Roland Delafosse"
"Hamon-Jugnet"; "Anne-Solange"; "Anne-Solange Hamon-Jugnet"
"Varangot"; "Pierre-Irénée"; "Pierre-Irénée Varangot"
"Gondy"; "Roxane"; "Roxane Gondy"
"Mollet"; "Jean-Lothaire"; "Jean-Lothaire Mollet"
"Simon"; "Alexis-Marie"; "Alexis-Marie Simon"
"Gossin"; "Anne-Juliane"; "Anne-Juliane Gossin"
"Le Clech-Charton"; "Anne-Germaine"; "Anne-Germaine Le Clech-Charton"
"Guénoun"; "Rémy"; "Rémy Guénoun"
"Santschy"; "Marie-Constance"; "Marie-Constance Santschy"
"Girard"; "Corentin-Marie"; "Corentin-Marie Girard"
"Arbois De Jubainville (d’)"; "Marie-Liane"; "Marie-Liane D’ Arbois De Jubainville"
"Duc"; "Brice-Marie"; "Brice-Marie Duc"
"Simon"; "Anne-Céline"; "Anne-Céline Simon"
"Dectot"; "Abel-Marie"; "Abel-Marie Dectot"
"Garcia"; "Marie-Nicolette"; "Marie-Nicolette Garcia"
"Renier"; "Anne-Honorine"; "Anne-Honorine Renier"
"Dampierre (de)"; "Jean-Gautier"; "Jean-Gautier De Dampierre"
"Merlet"; "Anne-Osanne"; "Anne-Osanne Merlet"
"Benrubi"; "Maximilien"; "Maximilien Benrubi"
"Pébay-Clottes"; "Marie-Liane"; "Marie-Liane Pébay-Clottes"
"Debofle"; "Jean-Eustache"; "Jean-Eustache Debofle"
"Brayer"; "Edgard"; "Edgard Brayer"
"Gaumy"; "Anne-Gwenaelle"; "Anne-Gwenaelle Gaumy"
"Chamson"; "Jean-Albert"; "Jean-Albert Chamson"
"Bouchet-Brun"; "Florence"; "Florence Bouchet-Brun"
"Bruand"; "Lucas"; "Lucas Bruand"
"Bernard"; "Anne-Zoé"; "Anne-Zoé Bernard"
"Gauthier"; "Léonce-Marie"; "Léonce-Marie Gauthier"
"Flammermont"; "Marie-Chloé"; "Marie-Chloé Flammermont"
"Guigue"; "Pierre-Victor"; "Pierre-Victor Guigue"
"Yvon"; "Anne-Roxanne"; "Anne-Roxanne Yvon"
"Babelon"; "Jean-Rodolphe"; "Jean-Rodolphe Babelon"
"Duchemin"; "Adrienne"; "Adrienne Duchemin"
"Lacombe"; "Jean-Denis"; "Jean-Denis Lacombe"
"Bouchard"; "Marie-Sylvaine"; "Marie-Sylvaine Bouchard"
"Blum"; "Jean-Philbert"; "Jean-Philbert Blum"
"Halphen"; "Marie-Emmanuelle"; "Marie-Emmanuelle Halphen"
"Ebel"; "Pierre-Augustin"; "Pierre-Augustin Ebel"
"Lemaître"; "Marie-Lydie"; "Marie-Lydie Lemaître"
"Richard"; "Yannick-Marie"; "Yannick-Marie Richard"
"Simon"; "Anne-Camille"; "Anne-Camille Simon"
"Maury"; "Pierre-Anatole"; "Pierre-Anatole Maury"
"Antoine"; "Marie-Hannah"; "Marie-Hannah Antoine"
"Marcotte"; "Jean-Gilbert"; "Jean-Gilbert Marcotte"
"Vié"; "Muriel"; "Muriel Vié"
"Chevauché"; "Jean-Corentin"; "Jean-Corentin Chevauché"
"Gaborit-Chopin"; "Marie-Ghislaine"; "Marie-Ghislaine Gaborit-Chopin"
"Milhat"; "Sébastien-Marie"; "Sébastien-Marie Milhat"
"Morel"; "Marie-Osanne"; "Marie-Osanne Morel"
"Casaubon-Seignour"; "Jean-Hugues"; "Jean-Hugues Casaubon-Seignour"
"Planchenault"; "Eugénie"; "Eugénie Planchenault"
"Vallet-Collot"; "René"; "René Vallet-Collot"
"Pouillon"; "Sarah"; "Sarah Pouillon"
"Colombié"; "Jean-Hector"; "Jean-Hector Colombié"
"Maury"; "Anne-Joséphine"; "Anne-Joséphine Maury"
"Maupassant (de)"; "Leandre-Marie"; "Leandre-Marie De Maupassant"
"Maury"; "Marie-Julienne"; "Marie-Julienne Maury"
"Malavieille"; "Jean-Richard"; "Jean-Richard Malavieille"
"Lesage"; "Marie-Florence"; "Marie-Florence Lesage"
"Bottin"; "Pierre-Hector"; "Pierre-Hector Bottin"
"Tournoüer"; "Anne-Yseult"; "Anne-Yseult Tournoüer"
"Charnier"; "Jean-Victor"; "Jean-Victor Charnier"
"Burnel"; "Anne-Sylvianne"; "Anne-Sylvianne Burnel"
"Le Guennec"; "Évariste"; "Évariste Le Guennec"
"Foulet"; "Marie-Annette"; "Marie-Annette Foulet"
"Jean"; "Pierre-Noe"; "Pierre-Noe Jean"
"Dupouy"; "Marie-Emeline"; "Marie-Emeline Dupouy"
"Duval"; "Pierre-Fiacre"; "Pierre-Fiacre Duval"
"Jardin"; "Marie-Felicienne"; "Marie-Felicienne Jardin"
"Duval"; "Jean-Samuel"; "Jean-Samuel Duval"
"Rech"; "Marie-Émilie"; "Marie-Émilie Rech"
"Haraux"; "Jean-Théophile"; "Jean-Théophile Haraux"
"Labrouche"; "Aurele"; "Aurele Labrouche"
"Claus"; "Pierre-Anselme"; "Pierre-Anselme Claus"
"Delamarre"; "Anne-Joséphine"; "Anne-Joséphine Delamarre"
"Mazeran"; "Pierre-Barnabe"; "Pierre-Barnabe Mazeran"
"Lardy"; "Frédérique"; "Frédérique Lardy"
"Gasparri"; "Roger"; "Roger Gasparri"
"Lévy"; "Anne-Élise"; "Anne-Élise Lévy"
"Boutaric"; "Jean-Anselme"; "Jean-Anselme Boutaric"
"Demaison"; "Marie-Florianne"; "Marie-Florianne Demaison"
"Mironneau"; "Laurent-Marie"; "Laurent-Marie Mironneau"
"Clémence"; "Anne-Germaine"; "Anne-Germaine Clémence"
"Bruleaux"; "Noël"; "Noël Bruleaux"
"Guitard"; "Anne-Sebastienne"; "Anne-Sebastienne Guitard"
"Héron De Villefosse"; "Yannic-Marie"; "Yannic-Marie Héron De Villefosse"
"Monneraye (de la)"; "Pierre-Rainier"; "Pierre-Rainier de la Monneraye"
"Bonnier"; "Pierre-Célestin"; "Pierre-Célestin Bonnier"
"Vidal"; "Anne-Armel"; "Anne-Armel Vidal"
"Ricozzi"; "Noël-Marie"; "Noël-Marie Ricozzi"
"Gauthier"; "Alexandrie"; "Alexandrie Gauthier"
"Tatger"; "Armelle"; "Armelle Tatger"
"Grundt"; "Pierre-Gautier"; "Pierre-Gautier Grundt"
"Pigallet"; "Anne-Jacqueline"; "Anne-Jacqueline Pigallet"
"Droguet"; "Pierre-Firmin"; "Pierre-Firmin Droguet"
"Berniawski"; "Marie-Léonie"; "Marie-Léonie Berniawski"
"Pons"; "Évariste-Marie"; "Évariste-Marie Pons"
"Salles"; "Roxane"; "Roxane Salles"
"La Tour-Sevelinges (de)"; "Charlot"; "Charlot De La Tour-Sevelinges"
"Mousset"; "Marie-Jeanne"; "Marie-Jeanne Mousset"
"Jubert"; "Pierre-Zacharie"; "Pierre-Zacharie Jubert"
"Plassard"; "Anne-Victorine"; "Anne-Victorine Plassard"
"Cotton"; "Pierre-Nicodeme"; "Pierre-Nicodeme Cotton"
"Wagner"; "Anne-Émilie"; "Anne-Émilie Wagner"
"Landais"; "Roland"; "Roland Landais"
"Ferry"; "Marie-Rebecca"; "Marie-Rebecca Ferry"
"Girard"; "Pierre-Ignace"; "Pierre-Ignace Girard"
"Souchal"; "Pierre-Odilon"; "Pierre-Odilon Souchal"
"Hardel"; "Anne-Victoire"; "Anne-Victoire Hardel"
"Dupont-Ferrier"; "Jean-Noe"; "Jean-Noe Dupont-Ferrier"
"Roussel"; "Simone"; "Simone Roussel"
"Labbé"; "Jean-Nicolas"; "Jean-Nicolas Labbé"
"Sauvage"; "Pierre-Félicien"; "Pierre-Félicien Sauvage"
"Libois"; "Nina"; "Nina Libois"
"Quéguiner"; "Matthieu"; "Matthieu Quéguiner"
"Malotaux"; "Marie-Olympe"; "Marie-Olympe Malotaux"
"Teisseyre"; "Jean-Hippolyte"; "Jean-Hippolyte Teisseyre"
"Leproux"; "Florette"; "Florette Leproux"
"Jolly"; "Narcisse"; "Narcisse Jolly"
"Roux (de)"; "Marie-Lucrèce"; "Marie-Lucrèce De Roux"
"Pairault"; "Marie-Stéphanie"; "Marie-Stéphanie Pairault"
"Caucanas"; "Rainier"; "Rainier Caucanas"
"Macquart De Terline"; "Anne-Christine"; "Anne-Christine Macquart De Terline"
"Thérèse"; "Raoul"; "Raoul Thérèse"
"Le Pottier"; "Marie-Jeanne"; "Marie-Jeanne Le Pottier"
"Le Grand"; "Jean-Geraud"; "Jean-Geraud Le Grand"
"Toulet"; "Marie-Gilberte"; "Marie-Gilberte Toulet"
"Ferrera"; "Xavier-Marie"; "Xavier-Marie Ferrera"
"Domergue"; "Anne-Noella"; "Anne-Noella Domergue"
"Oppetit-Perné"; "Jean-Gaspard"; "Jean-Gaspard Oppetit-Perné"
"Salvini"; "Marie-Ghislaine"; "Marie-Ghislaine Salvini"
"Loire"; "Donatienne"; "Donatienne Loire"
"Le Gendre"; "Humbert-Marie"; "Humbert-Marie Le Gendre"
"Bidal"; "Anne-Rosette"; "Anne-Rosette Bidal"
"Dandine"; "Jean-Lambert"; "Jean-Lambert Dandine"
"Farcis"; "Gwenaelle"; "Gwenaelle Farcis"
"Salles"; "Onesime"; "Onesime Salles"
"Nortier"; "Armand"; "Armand Nortier"
"Maréchal"; "Marie-Rolande"; "Marie-Rolande Maréchal"
"Eymard"; "Christophe"; "Christophe Eymard"
"Spinec"; "Gigi"; "Gigi Spinec"
"Maupas"; "Bruno"; "Bruno Maupas"
"Champy"; "Jean-Pascal"; "Jean-Pascal Champy"
"Martin"; "Marie-Lucrèce"; "Marie-Lucrèce Martin"
"Hoang-Thi"; "Jean-Bruno"; "Jean-Bruno Hoang-Thi"
"Jolly"; "Marie-Nazaire"; "Marie-Nazaire Jolly"
"Le Bègue De Germiny"; "Geraud-Marie"; "Geraud-Marie Le Bègue De Germiny"
"Giteau"; "Juliette"; "Juliette Giteau"
"Bargeton"; "Céleste"; "Céleste Bargeton"
"Mouren"; "Anne-Rebecca"; "Anne-Rebecca Mouren"
"Bonnot"; "Pierre-Barthélemy"; "Pierre-Barthélemy Bonnot"
"Loriquet"; "Hannah"; "Hannah Loriquet"
"Duhem"; "Pierre-Bruno"; "Pierre-Bruno Duhem"
"Simon"; "Anne-Hilaire"; "Anne-Hilaire Simon"
"Kim"; "Jean-Hubert"; "Jean-Hubert Kim"
"Viard"; "Jean-Anselme"; "Jean-Anselme Viard"
"Letrait"; "Anne-Lunete"; "Anne-Lunete Letrait"
"Girod"; "Georges-Marie"; "Georges-Marie Girod"
"Rendu"; "Anne-Juliette"; "Anne-Juliette Rendu"
"Cabane"; "Pierre-Christophe"; "Pierre-Christophe Cabane"
"Grimm"; "Marie-Arnaude"; "Marie-Arnaude Grimm"
"Davy"; "Anne"; "Anne Davy"
"Maral"; "Théodore"; "Théodore Maral"
"Chassagne-Jabiol"; "Rachel"; "Rachel Chassagne-Jabiol"
"Flammermont"; "Pierre-Vespasien"; "Pierre-Vespasien Flammermont"
"Dujardin"; "Pierre-Humbert"; "Pierre-Humbert Dujardin"
"Lalaguë-Guilhemsans"; "Anne-Axelle"; "Anne-Axelle Lalaguë-Guilhemsans"
"Héliot"; "Emilien-Marie"; "Emilien-Marie Héliot"
"Benrubi"; "Marie-Pascaline"; "Marie-Pascaline Benrubi"
"Cattin"; "Jean-Alain"; "Jean-Alain Cattin"
"Le Saulnier De Saint-Jouan"; "Anne-Fiacre"; "Anne-Fiacre Le Saulnier De Saint-Jouan"
"Gilles"; "Edmond"; "Edmond Gilles"
"Doux"; "Anne-Gervaise"; "Anne-Gervaise Doux"
"Coq"; "Pierre-Roch"; "Pierre-Roch Coq"
"Jezierski-Cartigny"; "Diodore-Marie"; "Diodore-Marie Jezierski-Cartigny"
"Le Cacheux"; "Emmanuelle"; "Emmanuelle Le Cacheux"
"Jubert"; "Samuel"; "Samuel Jubert"
"Boüard (de)"; "Marie-Eloise"; "Marie-Eloise de Boüard"
"Forlivesi"; "Josue"; "Josue Forlivesi"
"Himly"; "Marie-Laurette"; "Marie-Laurette Himly"
"Reynaud"; "Prosper"; "Prosper Reynaud"
"Le Stum"; "Suzette"; "Suzette Le Stum"
"Goyhenêche"; "Jean-Urbain"; "Jean-Urbain Goyhenêche"
"Gibiat"; "Marianne"; "Marianne Gibiat"
"Eldin"; "Marin-Marie"; "Marin-Marie Eldin"
"Ribeyrotte"; "Anne-Jeanne"; "Anne-Jeanne Ribeyrotte"
"Richard"; "Hugues"; "Hugues Richard"
"Auger"; "Marie-Madeleine"; "Marie-Madeleine Auger"
"Pécantin"; "Bruno"; "Bruno Pécantin"
"Faucher"; "Marie-Clothilde"; "Marie-Clothilde Faucher"
"Vielliard-Lescuyer"; "Pierre-Apollinaire"; "Pierre-Apollinaire Vielliard-Lescuyer"
"Pérouse"; "Léa"; "Léa Pérouse"
"Hildesheimer"; "Jean-Gaston"; "Jean-Gaston Hildesheimer"
"Thomet"; "Marie-Amédée"; "Marie-Amédée Thomet"
"Black"; "Raphaël"; "Raphaël Black"
"Fournié-Martinez"; "Dennis"; "Dennis Fournié-Martinez"
"Adhémar"; "Anne-Isabelle"; "Anne-Isabelle Adhémar"
"Herbomez (d’)"; "Cerise"; "Cerise d’ Herbomez"
"Doncœur"; "Jean-Onesime"; "Jean-Onesime Doncœur"
"Ducaffy"; "Amaury-Marie"; "Amaury-Marie Ducaffy"
"Devaux"; "Françoise"; "Françoise Devaux"
"Knight"; "Anne-Fabiola"; "Anne-Fabiola Knight"
"Verdure"; "Anne-Donatienne"; "Anne-Donatienne Verdure"
"Sculford"; "Marcel"; "Marcel Sculford"
"Centili"; "Xavier-Marie"; "Xavier-Marie Centili"
"Geneste"; "Anne-Arienne"; "Anne-Arienne Geneste"
"Renaudin"; "Gwenaelle"; "Gwenaelle Renaudin"
"Jaeger"; "Philippe"; "Philippe Jaeger"
"Michel"; "Gustave-Marie"; "Gustave-Marie Michel"
"Farges"; "Éléonore"; "Éléonore Farges"
"Isaac"; "Herbert-Marie"; "Herbert-Marie Isaac"
"Cauwès"; "Giselle"; "Giselle Cauwès"
"Lasteyrie (de)"; "Pierre-Aurélien"; "Pierre-Aurélien De Lasteyrie"
"Eichenlaub"; "Marie-Laure"; "Marie-Laure Eichenlaub"
"Jacobs"; "Aurele"; "Aurele Jacobs"
"Giraud"; "Anne-Georgette"; "Anne-Georgette Giraud"
"Dupond"; "Jean-Gervais"; "Jean-Gervais Dupond"
"de Vergnette"; "Anne-Lunete"; "Anne-Lunete de Vergnette"
"Dumitrescu"; "Marie-Irene"; "Marie-Irene Dumitrescu"
"Penicaut"; "Pierre-Gaston"; "Pierre-Gaston Penicaut"
"Laforgue"; "Anselme"; "Anselme Laforgue"
"Robbe"; "Jean-Theo"; "Jean-Theo Robbe"
"Macquart De Terline"; "Anne-Salomé"; "Anne-Salomé Macquart De Terline"
"Taupiac"; "Guy-Marie"; "Guy-Marie Taupiac"
"Tissier"; "Anne-Honorine"; "Anne-Honorine Tissier"
"Baudon De Mony"; "Jérôme"; "Jérôme Baudon De Mony"
"Jandeaux"; "Élisabeth"; "Élisabeth Jandeaux"
"Ferrand"; "Jean-Thomas"; "Jean-Thomas Ferrand"
"Pouillon"; "Marie-Sophie"; "Marie-Sophie Pouillon"
"Susini"; "Amédée"; "Amédée Susini"
"Rosanbo (de)"; "Lucinde"; "Lucinde De Rosanbo"
"Merle-Gelly"; "Edgar"; "Edgar Merle-Gelly"
"Boutillier Du Retail"; "Anne-Sarah"; "Anne-Sarah Boutillier Du Retail"
"Delaborde"; "Corin-Marie"; "Corin-Marie Delaborde"
"Terrat"; "Marie-Liane"; "Marie-Liane Terrat"
"Léotoing D’anjony (de)"; "Pierre-Nicholas"; "Pierre-Nicholas De Léotoing D’anjony"
Bastard, De, Marie-Emeline
"Meunier"; "Jean-Barnabe"; "Jean-Barnabe Meunier"
"Chevrant-Breton"; "Marie-Morgane"; "Marie-Morgane Chevrant-Breton"
"Laurain"; "Pierre-Guillaume"; "Pierre-Guillaume Laurain"
"Dunoyer De Segonzac"; "Jeanne"; "Jeanne Dunoyer De Segonzac"
"Bournonville"; "Grégoire"; "Grégoire Bournonville"
"Dupuy-Olivier"; "Chantal"; "Chantal Dupuy-Olivier"
"Richard"; "Jean-Eustache"; "Jean-Eustache Richard"
"Pia"; "Anne-Blaise"; "Anne-Blaise Pia"
"Gaulejac (de)"; "Jean-Onesime"; "Jean-Onesime De Gaulejac"
"Brau"; "Sophie"; "Sophie Brau"
"Pris"; "Marie-Ghislaine"; "Marie-Ghislaine Pris"
"Pontier"; "Victor"; "Victor Pontier"
"Pétillat"; "Anne-Lambert"; "Anne-Lambert Pétillat"
"Daon"; "Jacques-Marie"; "Jacques-Marie Daon"
"Clément"; "Anne-Morgaine"; "Anne-Morgaine Clément"
"Fuchs"; "Amédée-Marie"; "Amédée-Marie Fuchs"
"Philippon"; "Anne-Emma"; "Anne-Emma Philippon"
"Berthier-Georgesco"; "Jules"; "Jules Berthier-Georgesco"
"Dinard"; "Anne-Élisabeth"; "Anne-Élisabeth Dinard"
"Girod"; "Corin-Marie"; "Corin-Marie Girod"
"Rouziès"; "Marie-Seraphine"; "Marie-Seraphine Rouziès"
"Babelon"; "Florentin"; "Florentin Babelon"
"Aubert"; "Anne-Sophie"; "Anne-Sophie Aubert"
"Royal"; "Raymond-Marie"; "Raymond-Marie Royal"
"Milliez"; "Marie-Lisette"; "Marie-Lisette Milliez"
"Escudier"; "Marie-Irénée"; "Marie-Irénée Escudier"
"Ascoli"; "Tristan-Marie"; "Tristan-Marie Ascoli"
"Boutillier Du Retail"; "Anne-Seraphine"; "Anne-Seraphine Boutillier Du Retail"
"Cattin"; "Valery"; "Valery Cattin"
"Vergne"; "Anne-Nicolette"; "Anne-Nicolette Vergne"
"Lemps (de)"; "Louis-Marie"; "Louis-Marie De Lemps"
"Liard"; "Anne-Juste"; "Anne-Juste Liard"
"Tilloy"; "Emmanuel-Marie"; "Emmanuel-Marie Tilloy"
"Alcouffe"; "Pierre-Marcel"; "Pierre-Marcel Alcouffe"
"Becdelièvre-Lambert (de)"; "Marie-Rachel"; "Marie-Rachel De Becdelièvre-Lambert"
"Courtial"; "Pierre-Theo"; "Pierre-Theo Courtial"
"Lequatre"; "Rosemonde"; "Rosemonde Lequatre"
"Lyon-Caen"; "Laurent"; "Laurent Lyon-Caen"
"L’Huillier-Guibert (de)"; "Marie-Jeannine"; "Marie-Jeannine De L’Huillier-Guibert"
"Dacier"; "Germain-Marie"; "Germain-Marie Dacier"
"Deslandres"; "Celestine"; "Celestine Deslandres"
"Maillard"; "Richard"; "Richard Maillard"
"Forgeot"; "Marie-Sandrine"; "Marie-Sandrine Forgeot"
"Bonnel"; "Jean-Telesphore"; "Jean-Telesphore Bonnel"
"Boutaric"; "Jolie"; "Jolie Boutaric"
"Archer"; "Pierre-Florentin"; "Pierre-Florentin Archer"
"Marion"; "Marie-Henriette"; "Marie-Henriette Marion"
"François"; "Pierre-Hyacinthe"; "Pierre-Hyacinthe François"
"Berton"; "Marie-Élise"; "Marie-Élise Berton"
"Hugues"; "Pierre-Jean"; "Pierre-Jean Hugues"
"Surcouf"; "Marie-Émilie"; "Marie-Émilie Surcouf"
"Perrot"; "Anne-Gigi"; "Anne-Gigi Perrot"
"Rollet"; "Jean-Olympe"; "Jean-Olympe Rollet"
"Romefort (de)"; "Marie-Daniele"; "Marie-Daniele de Romefort"
"Le Pottier"; "Noël"; "Noël Le Pottier"
"L’Huillier-Guibert (de)"; "Antoinette"; "Antoinette De L’Huillier-Guibert"
"Renaudin"; "Jean-Firmin"; "Jean-Firmin Renaudin"
"Benoit"; "Nicole"; "Nicole Benoit"
"Le Barrois D’orgeval"; "Hugues"; "Hugues Le Barrois D’orgeval"
"Dropet"; "Anne-Juliette"; "Anne-Juliette Dropet"
"Lachenaud"; "Christian-Marie"; "Christian-Marie Lachenaud"
"Capot"; "Anne-Jacqueline"; "Anne-Jacqueline Capot"
"Guérin"; "Pierre-Emmanuel"; "Pierre-Emmanuel Guérin"
"Demerliac"; "Clarisse"; "Clarisse Demerliac"
"Trouillet"; "Pierre-Leandre"; "Pierre-Leandre Trouillet"
"Waille"; "Anne-Sylvie"; "Anne-Sylvie Waille"
"Delmas"; "Anne-Louise"; "Anne-Louise Delmas"
"Clot"; "Samuel"; "Samuel Clot"
"Suchet"; "Anne-Muriel"; "Anne-Muriel Suchet"
"Etchegoyen (d’)"; "Pierre-Denis"; "Pierre-Denis d’ Etchegoyen"
"Chazaud"; "Aurélien"; "Aurélien Chazaud"
"Crépy"; "Marie-Desiree"; "Marie-Desiree Crépy"
"Bastien"; "Robert-Marie"; "Robert-Marie Bastien"
"Henwood"; "Marie-Fabiola"; "Marie-Fabiola Henwood"
"Guitard"; "Baudouin-Marie"; "Baudouin-Marie Guitard"
"Emanuelli"; "Anne-Monique"; "Anne-Monique Emanuelli"
"Dugueyt"; "Constant"; "Constant Dugueyt"
"Pelletan"; "Marie-Jeannine"; "Marie-Jeannine Pelletan"
"Papinot"; "Jean-Christophe"; "Jean-Christophe Papinot"
"Bruel"; "Mariette"; "Mariette Bruel"
"Genevois"; "Régis"; "Régis Genevois"
"Dussart"; "Anne-Jeanne"; "Anne-Jeanne Dussart"
"Maître"; "Jean-Odilon"; "Jean-Odilon Maître"
"Verlet-Réaubourg"; "Colombe"; "Colombe Verlet-Réaubourg"
"Anciaux"; "Pierre-Rodrigue"; "Pierre-Rodrigue Anciaux"
"Loyant"; "Anne-Toinette"; "Anne-Toinette Loyant"
"Framond (de)"; "Pierre-Jérôme"; "Pierre-Jérôme De Framond"
Gaulejac, De, Anne-Évariste
"Jacquart"; "Yanick-Marie"; "Yanick-Marie Jacquart"
"Baratier"; "Anne-Ignace"; "Anne-Ignace Baratier"
"Saffré"; "Marie-Rose"; "Marie-Rose Saffré"
"Trocmé"; "Pierre-Michel"; "Pierre-Michel Trocmé"
"Mathis"; "Anne-Ninon"; "Anne-Ninon Mathis"
"Claudon"; "Jean-Baudouin"; "Jean-Baudouin Claudon"
"Le Bris-Castandet"; "Gaspard"; "Gaspard Le Bris-Castandet"
"Caillé"; "Marie-Carine"; "Marie-Carine Caillé"
"Auger"; "Jean-Roland"; "Jean-Roland Auger"
"Massip"; "Marie-Perrine"; "Marie-Perrine Massip"
"Parent"; "Jérôme"; "Jérôme Parent"
"Parent"; "Marie-Desiree"; "Marie-Desiree Parent"
"Boisset"; "Jean-Dion"; "Jean-Dion Boisset"
"Gordien"; "Penelope"; "Penelope Gordien"
"Olivier Martin"; "Theo"; "Theo Olivier Martin"
"Mercier De Lacombe"; "Sibylle"; "Sibylle Mercier De Lacombe"
"Delafosse"; "Narcisse-Marie"; "Narcisse-Marie Delafosse"
"Robert"; "Sibylle"; "Sibylle Robert"
"Delpu"; "Pierre-Horace"; "Pierre-Horace Delpu"
"Boeuf"; "Melissa"; "Melissa Boeuf"
"Roche"; "Pierre-Eugène"; "Pierre-Eugène Roche"
"Pascal"; "Anne-Leonne"; "Anne-Leonne Pascal"
"Benrubi"; "Firmin-Marie"; "Firmin-Marie Benrubi"
"Salone"; "Anne-Amélie"; "Anne-Amélie Salone"
"Besnier"; "Jean-Alexandre"; "Jean-Alexandre Besnier"