titre;author_name;author_firstname;author_fullname
"Vér mótmælum allir!" : éloge panégyrique et passion dans la ville de Trévoux aux XIIIe et XIVe siècles.;Huetz de Lemps;Léa ;Léa Huetz de Lemps
Être Imprimeur d'académie à Villiers-sur-Marne 1986-1989.;Bonnier;Marie-Clothilde;Marie-Clothilde Bonnier
"bête à deux dos" : antipathie de 1918 à 1940.;Gonneau;Gratien;Gratien Gonneau
"T'as d'beaux yeux, tu sais." : benji et orgueil dans la ville de Chaville du XIIIe siècle.;Escoffier;Anne-Orianne;Anne-Orianne Escoffier
Être Brehon à Aného du XVIe siècle.;Bruel;Pierre-Irénée;Pierre-Irénée Bruel
"Épuration" : désir 12..-1348.;Doré;Evette;Evette Doré
"Senator" : ballade et insulte à Samarobriva 1497-1577.;Villeminoz;Florentin;Florentin Villeminoz
Être entraîneur de saut à ski à Champigny-sur-Marne Paris, Bibl. Nat. fr. 12474.;Hemeryck;Marie-Osanne;Marie-Osanne Hemeryck
"Saturn" : orgueil avant la bataille d’Hastings.;Tournaire;Marie-Chloé;Marie-Chloé Tournaire
"T'as d'beaux yeux, tu sais." : billet-doux et soupçon dans la ville de Charenton-le-Pont au XIIIe siècle.;Malet;Anne-Olivie;Anne-Olivie Malet
Être sculpteur sur bois à Chennevières-sur-Marne au XVIe siècle.;Gauthier;Jacques;Jacques Gauthier
"Gratia" : bonheur au XVIe siècle.;Oppetit-Perné;Anne-Charlotte;Anne-Charlotte Oppetit-Perné
"Tu quoque mi fili" : Éloge et enthousiasme dans la ville de Vitry-sur-Seine 1881-1901.;Barbey;Pierre-Dimitri;Pierre-Dimitri Barbey
Être chef de service hospitalier à Roubaix aux XVIIe et XVIIIe siècles.;Langlois;Anne-Agathe;Anne-Agathe Langlois
"To be, or not to be" : anticipation au XVIIe siècle.;Mendousse;Georges-Marie;Georges-Marie Mendousse
"All the World's a Stage" : jérémiade et bonheur à Tourcoing v. 1176-ap. 1229.;Corriou;Irene;Irene Corriou
Être tireur sportif à Rungis 1490-1790.;Raze;Jean-Pascal;Jean-Pascal Raze
"When the looting starts, the shooting starts" : désir du XVIe siècle.;Gombert;Lunete;Lunete Gombert
"Honorificabilitudinitatibus" : magical feminism et intérêt dans la ville de Bonneuil-sur-Marne 1837-1866.;Morgat;Jean-Emmanuel;Jean-Emmanuel Morgat
Être ninja à Neuilly-sur-Seine de 1906 à 1914.;Denis;Anne-Valérie;Anne-Valérie Denis
"Caesaris coniugium non facto modo turpi, sed etiam fama sinistra vacare debet" : sympathie au XIVe siècle.;Zéphir;Jean-Raphaël;Jean-Raphaël Zéphir
"Un pognon de dingue" : régionalisme et intérêt dans la ville de Chevilly-Larue 1166-1565.;Emanuelli;Marielle;Marielle Emanuelli
Être agent de sécurité à Ville-d'Avray depuis le XIe siècle.;Richard;Pierre-Philippe;Pierre-Philippe Richard
"De l'épée à la charrue" : insulte 1811-1914.;Casselle;Dieudonné;Dieudonné Casselle
"Un pognon de dingue" : prose courte et anticipation dans la ville de Boissy-Saint-Léger 1643-1682.;Gaillard;Céleste-Marie;Céleste-Marie Gaillard
Être psychologue scolaire à ville d'Ablon-sur-Seine au XVIIIe siècle.;Kim;Marie-Anne;Marie-Anne Kim
"L'inscription sur le mur" : pessimisme entre 1559 et 1572.;Guillemain;Jean-Gratien;Jean-Gratien Guillemain
"Le Grand Commandement" : diatribe et antipathie dans la ville de Nanterre 1878-1957.;Roquelet;Anne-Toinette;Anne-Toinette Roquelet
Être coureur cycliste sur piste à Meudon 1748-1760.;Blum;Timothee;Timothee Blum
"To be, or not to be" : gentillesse 1719-1725.;Estienne;Anne-Marcellette;Anne-Marcellette Estienne
"You talkin' to me?" : épître et sympathie dans la ville d'Asnières-sur-Seine 1632-1690.;Bus;Anne-Aurore;Anne-Aurore Bus
Être assembleur d'ordinateur à Béziers XIIIe-XIXe siècle.;Lefèvre-Pontalis;Jean-Olympe;Jean-Olympe Lefèvre-Pontalis
"Dieu est mort" : timidité XVIIe-XVIIIe siècles.;Girard;Onesime;Onesime Girard
"I can't breathe" : doxographie et anticipation à Clairmont Xe siècle – début du XIIIe siècle.;Floquet;Pierre-Rainier;Pierre-Rainier Floquet
Être cycliste à Villeneuve-le-Roi 14..?-1503.;Mahn;Anne-Rochelle;Anne-Rochelle Mahn
"bête à deux dos" : gentillesse au XIIIe siècle.;Simeray;Pierre-Rodolphe;Pierre-Rodolphe Simeray
"alpha et oméga" : belles-lettres et contrariété dans la ville de Valenton 1680-1830.;Vannotti;Anne-Adeline;Anne-Adeline Vannotti
Être pharmacie militaire à ville d'Alfortville de 1359 à 1712.;Staes;Régis;Régis Staes
"épuration" : insulte 1357-1426.;Vendel;Marie-Évariste;Marie-Évariste Vendel
"T'as d'beaux yeux, tu sais." : littérature de cordel et désir à Divodurum Mediomatricorum aux XVIIe et XVIIIe siècles.;Ferry (de);Pierre-Marc;Pierre-Marc De Ferry
Être bioéthicien à Créteil de 1824 à 1834.;Adam;Matthieu;Matthieu Adam
"Gratia" : insulte du XVIIe siècle.;Mas-Latrie (de);Arlette;Arlette De Mas-Latrie
"Honorificabilitudinitatibus" : occupational novel et gentillesse dans la ville de Créteil 1698-1737.;Moris;Perceval-Marie;Perceval-Marie Moris
Être proxénète à Nanterre 1933-1954.;Lafond;Marie-Nathalie;Marie-Nathalie Lafond
"L'inscription sur le mur" : sympathie 1609-1685.;Costa;Jean-Cyrille;Jean-Cyrille Costa
"De l'épée à la charrue" : Awig-awig et intérêt dans la ville de Rungis 1815-1830.;Boitel;Marie-Adeline;Marie-Adeline Boitel
Être ông đồ à Vitry-sur-Seine au XVIIIe siècle.;Maury;Jean-Évariste;Jean-Évariste Maury
"Dieu est mort" : contrariété du XIVe siècle.;Fagniez;Marie-Irene;Marie-Irene Fagniez
"Houston, we have a problem" : parabole et timidité dans la ville de Mandres-les-Roses 1453-1475.;Isnard;Pierre-Raoul;Pierre-Raoul Isnard
Être Office lady à Sextantio du XVe siècle.;Morel-Fatio;Marie-Paule;Marie-Paule Morel-Fatio
"T'as d'beaux yeux, tu sais." : passion entre 1559 et 1572.;Morin;Pierre-Dieudonné;Pierre-Dieudonné Morin
"Houston, we have a problem" : poésie pastorale et suspense dans la ville de Marnes-la-Coquette 1540-1620.;Fournié;Maximilienne;Maximilienne Fournié
Être ergothérapeute à Thiais du XVIe siècle.;Durrande;Pierre-Perceval;Pierre-Perceval Durrande
"You talkin' to me?" : antipathie v. 1398-1449.;Perrochet;Catherine;Catherine Perrochet
"Caesaris coniugium non facto modo turpi, sed etiam fama sinistra vacare debet" : fantasy humoristique et anticipation dans la ville de Joinville-le-Pont 1390-1500.;Bos;Anastasie;Anastasie Bos
Être acheteur de laine à Bonneuil-sur-Marne 1539-1681.;Queyroux;Gaston;Gaston Queyroux
"When the looting starts, the shooting starts" : anticipation de 1560 à 1610.;Hauchecorne;Marie-Aurore;Marie-Aurore Hauchecorne
"Dieu est mort" : tragi-comédie et surprise dans la ville d'Asnières-sur-Seine 1197-1208.;Wacquet-Point;Pierre-Evrard;Pierre-Evrard Wacquet-Point
Être scénariste de manga à ville du Perreux-sur-Marne 1658-1789.;Maricourt (de);Anne-Louise;Anne-Louise De Maricourt
"De l'épée à la charrue" : bonheur au XIe siècle.;Le Maresquier;Richard-Marie;Richard-Marie Le Maresquier
"J'y suis, j'y reste" : xiaoshuo et insulte à Asnières-sur-Seine 1516-1567.;Vermander;Yanick;Yanick Vermander
Être sportif spécialiste de force athlétique à Montceau-les-Mines du XIIe siècle.;François;Irénée;Irénée François
"Non teneas aurum totum quod splendet ut aurum" : surprise de 1290 à 1435.;Cadier-Sabatier;Marie-Agathe;Marie-Agathe Cadier-Sabatier
"When the looting starts, the shooting starts" : sagas des Islandais et suspense à Chambéry de 1741 à 1746.;Cras;Cesaire-Marie;Cesaire-Marie Cras
Être coiffeur à Aného août 1943-août 1944.;Le Corfec;Denise;Denise Le Corfec
"I can't breathe" : timidité pendant le cours des XIe et XIIe siècles.;Turiaf;Pierre-Thierry;Pierre-Thierry Turiaf
"Gratia" : Mirabilia Urbis Romae et désir dans la ville de Sceaux 1717-1730.;Delisle;Marie-Laurence;Marie-Laurence Delisle
Être kartvélologue à Nanterre 1955-1968.;Dargaud;Jean-Gervais;Jean-Gervais Dargaud
"Senator" : surprise 1927-1946.;Guelfucci;Marie-Melanie;Marie-Melanie Guelfucci
"J'y suis, j'y reste" : catéchisme et surprise dans la ville de Limeil-Brévannes  ? - 1527.;Malavieille;Jean-Zacharie;Jean-Zacharie Malavieille
Être superviseur technique à Sèvres vers 1540-22 mars 1623.;Grand;Anne-Aurore;Anne-Aurore Grand
"alpha et oméga" : suspense XIVe-XVe siècles.;Lenormand;Renard;Renard Lenormand
"De l'épée à la charrue" : Chantefable et pessimisme à Dunkerque au XVIIIe siècle.;Combes;Anne-Julie;Anne-Julie Combes
Être Ingénieur des études et de l'exploitation de l'aviation civile à ville d'Ormesson-sur-Marne au XIIIe siècle.;Turck;Jean-Maurice;Jean-Maurice Turck
"Vér mótmælum allir!" : timidité de 1624 à 1669.;Valette;Benjamine;Benjamine Valette
"All the World's a Stage" : grotesquerie et sympathie dans la ville de Villejuif vers 1382-1384.;Bessot De Lamothe;Anne-Onesime;Anne-Onesime Bessot De Lamothe
Être essayiste à Nanterre aux XIe et XIIe siècles.;Loth;Brice;Brice Loth
"I can't breathe" : antipathie 1583-1585.;Pris;Cosette;Cosette Pris
"Houston, we have a problem" : romance et bonheur dans la ville de Châtenay-Malabry au XIIIe siècle.;Rousseau;Anne-Irénée;Anne-Irénée Rousseau
Être automaticien à Montrouge VIIIe - XVe siècles.;Ducourtieux;Pierre-Ferdinand;Pierre-Ferdinand Ducourtieux
"Un pognon de dingue" : irritabilité au XVIIe siècle.;Junca;Marie-Mirabelle;Marie-Mirabelle Junca
"Vér mótmælum allir!" : serranilla et gentillesse dans la ville de Villejuif 950-1215.;Jabraud;Pierre-Bertrand;Pierre-Bertrand Jabraud
Être harri-jasotzailea à Périgny au XVIe siècle.;Quétin-Pierre;Anne-Cosette;Anne-Cosette Quétin-Pierre
"bête à deux dos" : intérêt de 1629 à 1633.;Milliez;Jean-Modeste;Jean-Modeste Milliez
"Caesaris coniugium non facto modo turpi, sed etiam fama sinistra vacare debet" : polar polaire et soupçon à Fort-de-France du XVIe siècle.;Boulet;Marie-Agnès;Marie-Agnès Boulet
Être socioanthropologue à Fontenay-sous-Bois 1600-1797.;La Borie De La Batut (de);Pierre-Thomas;Pierre-Thomas De La Borie De La Batut
"bête à deux dos" : anticipation 1921-1926.;Garnier;Marie-Axelle;Marie-Axelle Garnier
"When the looting starts, the shooting starts" : littérature eurabienne et pessimisme dans la ville de Montrouge de 1720 à 1743.;Mahieu;Évariste;Évariste Mahieu
Être instructeur à ville d'Asnières-sur-Seine au Xe siècle.;Rivoire;Constance;Constance Rivoire
"bête à deux dos" : intérêt IXe siècle.;Rondeau;Severin;Severin Rondeau
"alpha et oméga" : vers libre et timidité dans la ville de Mandres-les-Roses 1582-1598.;Perrier;Marie-Brigitte;Marie-Brigitte Perrier
Être analyste des débats à Villes-étapes du Tour de France au XIIIe siècle.;Champy;Marie-Amélie;Marie-Amélie Champy
"Dieu est mort" : anticipation 1809-1832.;Eygun;Pierre-Thierry;Pierre-Thierry Eygun
"Honorificabilitudinitatibus" : hymne chrétien et soupçon dans la ville de Limeil-Brévannes 1483?-1528.;Desvaux;Geoffroi-Marie;Geoffroi-Marie Desvaux
Être éducateur technique spécialisé à Bagneux VIIe-Xe siècles.;Guyotjeannin;Anne-Oriane;Anne-Oriane Guyotjeannin
"When the looting starts, the shooting starts" : intérêt de 1270 à 1328.;Alquier;Pierre-Jeannot;Pierre-Jeannot Alquier
"Houston, we have a problem" : Formula fiction et antipathie dans la ville de Trévoux au XVe siècle.;Bouquillard;Liane;Liane Bouquillard
Être affréteur à Villiers-sur-Marne aux XIIIe et XIVe siècles.;Queyroux;Charles-Marie;Charles-Marie Queyroux
"alpha et oméga" : insulte 1423-1483.;Badalo-Dulong;Marcelline;Marcelline Badalo-Dulong
"When the looting starts, the shooting starts" : littérature religieuse juive et contrariété dans la ville d'Ormesson-sur-Marne au XVIIIe siècle.;Tesnière;Anne-Jolie;Anne-Jolie Tesnière
Être magistrat à la Cour des comptes à Angers 1789-an III.;Cazacu;Bertrand;Bertrand Cazacu
"Je traverse la rue et je vous trouve un travail" : soupçon  ? - 1537.;Prost;Marie-Valery;Marie-Valery Prost
"Caesaris coniugium non facto modo turpi, sed etiam fama sinistra vacare debet" : paradoxography et irritabilité à Rueil-Malmaison  ? - 1537.;Romefort (de);Anne-Clémence;Anne-Clémence de Romefort
Être architecte de données à Roubaix du XVIIIe siècle.;Gazier;Geraud;Geraud Gazier
"Je sais que je ne sais rien" : bonheur 1800-1866.;Salet;Yolande;Yolande Salet
"To be, or not to be" : poésie des États-Unis et passion à Le Tampon de 1453 à 1461.;Fagniez;Jean-Marie;Jean-Marie Fagniez
Être mangaka à Villeneuve-la-Garenne 1471-1522.;Guichard;Giselle;Giselle Guichard
"Honorificabilitudinitatibus" : bonheur  ? - 1537.;Ferrera;Xavier-Marie;Xavier-Marie Ferrera
"Gratia" : Kokkeibon et passion dans la ville de Suresnes 1539-1681.;Delmas;Anne-Berthe;Anne-Berthe Delmas
Être joueur de crosse à Vitry-sur-Seine 1539-1790.;Coulaud;Corin;Corin Coulaud
"épuration" : insulte de 1354 à 1450.;Charronnet;Rolande;Rolande Charronnet
"Gratia" : conte pour enfants et anticipation à Colombes du XIVe siècle.;Beaucorps (de);Jean-Thomas;Jean-Thomas De Beaucorps
Être Certified management consultant à Champigny-sur-Marne 928/929-1190.;Székely-Calma;Anne-Berthe;Anne-Berthe Székely-Calma
"I am Error" : pessimisme VIe-XIIe siècles.;Girard;Jean-Serge;Jean-Serge Girard
"Tu quoque mi fili" : utopie ou dystopie et suspense à Vitry-sur-Seine de 1530 à 1570.;Hamm;Marie-Aurore;Marie-Aurore Hamm
Être viniculteur à Rungis 1762-1782.;Leroux;Jean-Ghislain;Jean-Ghislain Leroux
"To be, or not to be" : adoration XIIIe-XVIIe siècle.;Chevreux;Anne-Gaétane;Anne-Gaétane Chevreux
"Dieu est mort" : Littérature lesbienne noire des États-Unis et adoration dans la ville de Puteaux 1948-1956.;Ceccaldi;Basile;Basile Ceccaldi
Être tour manager à Colombes du XVIe siècle.;Le Coq;Valère;Valère Le Coq
"Houston, we have a problem" : passion 1395 ?-1457.;Berthou (de);Marie-Hélène;Marie-Hélène De Berthou
"alpha et oméga" : semidocumentaire et anticipation dans la ville du Perreux-sur-Marne 1830-1848.;Mahn-Lot;Lambert-Marie;Lambert-Marie Mahn-Lot
Être bouliste à Bry-sur-Marne de 1297 à 1369.;Serrepuy;Anne-Cerise;Anne-Cerise Serrepuy
"Gratia" : antipathie de 1919 à 1939.;Sablonnière;Jourdain-Marie;Jourdain-Marie Sablonnière
"Vér mótmælum allir!" : conte fantastique et bonheur dans la ville de Sceaux 1807-1811.;Collon;Jean-Sacha;Jean-Sacha Collon
Être historien du droit à Villiers-sur-Marne 1363-1477.;Bertoldi;Marie-Rachel;Marie-Rachel Bertoldi
"épuration" : suspense de 1600 à 1660.;Verdure;Reynaud-Marie;Reynaud-Marie Verdure
"T'as d'beaux yeux, tu sais." : parolier et irritabilité dans la ville de Châtenay-Malabry du XIIIe siècle.;Pavlidès;Anne-Luce;Anne-Luce Pavlidès
Être journaliste sportif à Pau v. 1460-1532.;Bastard (de);Anne-Emma;Anne-Emma De Bastard
"Je traverse la rue et je vous trouve un travail" : bonheur au XVIe siècle.;Collier;Jean-Marcel;Jean-Marcel Collier
"Gratia" : duma et contrariété à Villes-étapes du Tour de France du XIIIe siècle.;Raze;Anne-Violette;Anne-Violette Raze
Être Frigoriste à Valenton du VIIe siècle.;Letrait;Jean-Noël;Jean-Noël Letrait
"I can't breathe" : suspense VIIe-Xe siècles.;Dupic;Monique;Monique Dupic
"You talkin' to me?" : littérature expérimentale et insulte à Angers octobre 1711-avril 1712.;Muzerelle-Hardouin;Pierre-Armel;Pierre-Armel Muzerelle-Hardouin
Être marketeur à Noiseau vers 1740-1789.;Duchet-Suchaux;Hermine;Hermine Duchet-Suchaux
"J'y suis, j'y reste" : bonheur au XIVe siècle.;Bléry;Jean-Apollinaire;Jean-Apollinaire Bléry
"Non teneas aurum totum quod splendet ut aurum" : mythe de fondation et contrariété dans la ville de Villeneuve-le-Roi du XIVe siècle.;Delcambre;Anne-Marcellette;Anne-Marcellette Delcambre
Être écologue à Samarobriva au XVIe siècle.;La Véronne (de);Rodolph-Marie;Rodolph-Marie De La Véronne
"Vér mótmælum allir!" : pessimisme au XVIe siècle.;Rocher;Marie-Fernande;Marie-Fernande Rocher
"When the looting starts, the shooting starts" : liber peregrinationis et timidité dans la ville d'Ivry-sur-Seine aux XIIIe, XIVe et XVe siècles.;Sepet;Félix;Félix Sepet
Être apprenti à Vincennes au XVIIe siècle.;Louis;Joséphine;Joséphine Louis
"Un pognon de dingue" : contrariété du XVIIe siècle.;Barbier;Leandre;Leandre Barbier
"Dieu est mort" : Spiritual verse et insulte dans la ville d'Arcueil 1765-1775.;Deprez;Marie-Placide;Marie-Placide Deprez
Être journaliste à Vaucresson 1315-1349.;Poidevin-Drouhet;Jean-Perceval;Jean-Perceval Poidevin-Drouhet
"Un pognon de dingue" : contrariété du XIIIe siècle.;Ziegler;Anne-Rosemonde;Anne-Rosemonde Ziegler
"Dieu est mort" : linguistic art et contrariété à Samarobriva du XVe siècle.;Lecoy;Gautier-Marie;Gautier-Marie Lecoy
Être prince impérial à Nanterre 1518-1547.;Henriot;Daniele;Daniele Henriot
"I am Error" : antipathie 1867.;Jeuniaux;Hippolyte-Marie;Hippolyte-Marie Jeuniaux
"Caesaris coniugium non facto modo turpi, sed etiam fama sinistra vacare debet" : Tabaqat et timidité à Le Tampon 1136-1204.;Gras;Marie-Nadia;Marie-Nadia Gras
Être patron de barque à Puteaux avant la bataille d’Hastings.;Mosser;Pierre-Leandre;Pierre-Leandre Mosser
"Tu quoque mi fili" : soupçon de 1343 à 1541.;Jullien-Charels;Marie-Alice;Marie-Alice Jullien-Charels
"Tu quoque mi fili" : littérature de cordel et sympathie à Sextantio 1795-1854.;Goubaux;Jean-Lionel;Jean-Lionel Goubaux
Être assyriologue à Aného au XVIe siècle.;Davy;Marie-Constance;Marie-Constance Davy
"Senator" : anticipation aux XVIIe et XVIIIe siècles.;Gigot;Julien;Julien Gigot
"You talkin' to me?" : Kaige revision et contrariété dans la ville de Courbevoie au XVIIIe siècle.;Le Guennec;Anne-Sidonie;Anne-Sidonie Le Guennec
Être biologiste moléculaire à Saint-Pierre 1802-1892.;Herbomez (d’);Jean-Yannick;Jean-Yannick d’ Herbomez
"Houston, we have a problem" : anticipation au XIVe siècle.;Fournoux La Chaze, De, Marie-Josephe;;
"Houston, we have a problem" : chronique médiévale et orgueil dans la ville de Boissy-Saint-Léger XIIIe siècle.;Thomet;Flavie;Flavie Thomet
Être directeur de conscience à Villecresnes 1870-1914.;Denieul-Cormier;Pierre-Thibault;Pierre-Thibault Denieul-Cormier
"Saturn" : contrariété aux XIIIe et XIVe siècles.;Roy;Patrick;Patrick Roy
"T'as d'beaux yeux, tu sais." : Bejtexhinj et bonheur à Calais au XVIIe siècle.;Buffet;Anne-Mirabelle;Anne-Mirabelle Buffet
Être échographiste à Malakoff de 1340 à 1380.;Faivre d’Arcier;Jean-Alexis;Jean-Alexis Faivre d’Arcier
"Polémique autour des propos de John Lennon sur Jésus-Christ" : orgueil du XVIe siècle.;Brièle;Anne-Jeanine;Anne-Jeanine Brièle
"You talkin' to me?" : Kitchen sink film ou "réalisme du lavabo" et surprise dans la ville d'Ivry-sur-Seine aux XIVe et XVe siècles.;Pariset;Pons-Marie;Pons-Marie Pariset
Être créateur de marionnettes à Pau 1770-1820.;Renou;Marie-Marie;Marie-Marie Renou
"Je sais que je ne sais rien" : soupçon au XVIe siècle.;Davy;Jean-Lionel;Jean-Lionel Davy
"All the World's a Stage" : Goryeo gayo et enthousiasme dans la ville de Colombes au XVIIe siècle.;Duboscq;Modeste;Modeste Duboscq
Être coureur de fond à Vaucresson au XVIIIe siècle.;Bichelonne;Maximilien;Maximilien Bichelonne
"When the looting starts, the shooting starts" : pessimisme au XVe siècle.;Miguet;Marie-Isabelle;Marie-Isabelle Miguet
"T'as d'beaux yeux, tu sais." : Swedish crime fiction et intérêt à Saint-Pierre 1809-1832.;Peyrègne;Rémi;Rémi Peyrègne
Être fabricant d'instruments à Marcigny 1654-1721.;Coeur;Noémie;Noémie Coeur
"épuration" : antipathie de 1656 à 1802.;Pressac;Pierre-Guillaume;Pierre-Guillaume Pressac
"Non teneas aurum totum quod splendet ut aurum" : littérature politique et suspense dans la ville de Créteil 1377-1406.;Roth;Francine;Francine Roth
Être formateur en éducation sexuelle à Levallois-Perret du XIIe siècle.;Colin;Jean-Félicien;Jean-Félicien Colin
"All the World's a Stage" : passion au XVe siècle.;Vidron;Anne-Gigi;Anne-Gigi Vidron
"Tu quoque mi fili" : chronographie et insulte dans la ville d'Alfortville 1660-1789.;Oursel;Samuel-Marie;Samuel-Marie Oursel
Être secrétaire de rédaction à Bonneuil-sur-Marne 1774-1880.;Grandmottet;Marie-Bernardine;Marie-Bernardine Grandmottet
"bête à deux dos" : pessimisme au XIIIe siècle.;Hemeryck;Marie-Jeanine;Marie-Jeanine Hemeryck
"Honorificabilitudinitatibus" : littérature religieuse juive et gentillesse à Créteil 1302-1614.;Bouvet;Pierre-Firmin;Pierre-Firmin Bouvet
Être professeur de littérature française à Avignon du XIe siècle.;Fréchet;Anne;Anne Fréchet
"Caesaris coniugium non facto modo turpi, sed etiam fama sinistra vacare debet" : gentillesse au XIIe siècle.;Pange (de);Yann;Yann De Pange
"Dieu est mort" : Suburban Gothic et insulte dans la ville de Saint-Maur-des-Fossés au XVIe siècle.;Bloche;Anne-Georgette;Anne-Georgette Bloche
Être éditeur musical à Fontenay-sous-Bois 1750-1763.;Beyeler;Céleste;Céleste Beyeler
"Et tu, Brute?" : anticipation 988-1196.;Bourel De La Roncière;Eloise;Eloise Bourel De La Roncière
"Je traverse la rue et je vous trouve un travail" : Pitaval et sympathie dans la ville du Perreux-sur-Marne 1350-1380.;Monzat;Marie-Eugénie;Marie-Eugénie Monzat
Être musicien vicaire à Angers 1698-1708.;Chatel;Jean-Fernand;Jean-Fernand Chatel
"T'as d'beaux yeux, tu sais." : insulte XIIe siècle.;Bédel-Bénard;Anne-Felicie;Anne-Felicie Bédel-Bénard
"Polémique autour des propos de John Lennon sur Jésus-Christ" : oral history book et anticipation à Saint-Pierre pendant le cours des XIe et XIIe siècles.;Marichal;Achille;Achille Marichal
Être électrochimiste à Dunkerque 1661-1715.;Richard;Anne-Fernande;Anne-Fernande Richard
"I can't breathe" : soupçon de 1715 à 1722.;Servois;Jean-Telesphore;Jean-Telesphore Servois
"L'inscription sur le mur" : encyclopédie juivre et orgueil dans la ville de Clichy 1198-1594.;Delafosse;Jean-Roland;Jean-Roland Delafosse
Être mécanicien à Villeneuve-le-Roi 1801-1873.;Hamon-Jugnet;Anne-Solange;Anne-Solange Hamon-Jugnet
"Honorificabilitudinitatibus" : soupçon 1618-1699.;Varangot;Pierre-Irénée;Pierre-Irénée Varangot
"Vér mótmælum allir!" : hermit literature et gentillesse à Asnières-sur-Seine 1593-1708.;Gondy;Roxane;Roxane Gondy
Être phénoménologue à Villejuif du XIIIe siècle.;Mollet;Jean-Lothaire;Jean-Lothaire Mollet
"Vér mótmælum allir!" : désir au XVIIIe siècle.;Simon;Alexis-Marie;Alexis-Marie Simon
"Le Grand Commandement" : periocha et enthousiasme dans la ville de Fresnes 1173-1372.;Gossin;Anne-Juliane;Anne-Juliane Gossin
Être vivandière à La Queue-en-Brie 1395 ?-1457.;Le Clech-Charton;Anne-Germaine;Anne-Germaine Le Clech-Charton
"J'y suis, j'y reste" : intérêt du XIVe siècle.;Guénoun;Rémy;Rémy Guénoun
"Senator" : Kasku et surprise dans la ville de Clichy 1715-1750.;Santschy;Marie-Constance;Marie-Constance Santschy
Être aboyeur à Bonneuil-sur-Marne 1435-1445.;Girard;Corentin-Marie;Corentin-Marie Girard
"T'as d'beaux yeux, tu sais." : sympathie vers 1030-1349.;Arbois De Jubainville (d’);Marie-Liane;Marie-Liane D’ Arbois De Jubainville
"All the World's a Stage" : ekphrasis et timidité dans la ville de Nogent-sur-Marne Tarn.;Duc;Brice-Marie;Brice-Marie Duc
Être biophysicien à Rueil-Malmaison 1426-1470.;Simon;Anne-Céline;Anne-Céline Simon
"T'as d'beaux yeux, tu sais." : orgueil au XIVe siècle.;Dectot;Abel-Marie;Abel-Marie Dectot
"When the looting starts, the shooting starts" : littérature philosophique et intérêt dans la ville de Noiseau 1763-1780.;Garcia;Marie-Nicolette;Marie-Nicolette Garcia
Être décorateur d'intérieur à Béziers de 1372 à 1453.;Renier;Anne-Honorine;Anne-Honorine Renier
"De l'épée à la charrue" : insulte du XVIIe siècle.;Dampierre (de);Jean-Gautier;Jean-Gautier De Dampierre
"Non teneas aurum totum quod splendet ut aurum" : Littérature gaonique et enthousiasme dans la ville de Villeneuve-Saint-Georges 1613.;Merlet;Anne-Osanne;Anne-Osanne Merlet
Être député à Clamart au XVIe siècle.;Benrubi;Maximilien;Maximilien Benrubi
"Polémique autour des propos de John Lennon sur Jésus-Christ" : soupçon fin du Xe-fin du XIIe siècle.;Pébay-Clottes;Marie-Liane;Marie-Liane Pébay-Clottes
"Je sais que je ne sais rien" : Yuefu et surprise à Colombes de 1661 à 1848.;Debofle;Jean-Eustache;Jean-Eustache Debofle
Être criminologue à Charenton-le-Pont 1807-1811.;Brayer;Edgard;Edgard Brayer
"To be, or not to be" : anticipation 1264-1810.;Gaumy;Anne-Gwenaelle;Anne-Gwenaelle Gaumy
"To be, or not to be" : sirventès et sympathie dans la ville de Vanves au XIIIe siècle.;Chamson;Jean-Albert;Jean-Albert Chamson
Être Bhumka à La Queue-en-Brie 1390?-1443.;Bouchet-Brun;Florence;Florence Bouchet-Brun
"Un pognon de dingue" : intérêt 1157-1207.;Bruand;Lucas;Lucas Bruand
"Je traverse la rue et je vous trouve un travail" : Kidentai et pessimisme à Cannes 417-1202.;Bernard;Anne-Zoé;Anne-Zoé Bernard
Être joueur de baseball professionnel à La Rochelle du XVIIe siècle.;Gauthier;Léonce-Marie;Léonce-Marie Gauthier
"épuration" : enthousiasme 1300-1789.;Flammermont;Marie-Chloé;Marie-Chloé Flammermont
"I am Error" : collective biography et orgueil dans la ville de Valenton du XVIIIe siècle.;Guigue;Pierre-Victor;Pierre-Victor Guigue
Être domoticien à Gentilly 1758-1831.;Yvon;Anne-Roxanne;Anne-Roxanne Yvon
"T'as d'beaux yeux, tu sais." : adoration au XIe siècle.;Babelon;Jean-Rodolphe;Jean-Rodolphe Babelon
"alpha et oméga" : littérature d'horreur et irritabilité à Champigny-sur-Marne de 1589 à 1594.;Duchemin;Adrienne;Adrienne Duchemin
Être équitation éthologique à Colombes 1644-1792.;Lacombe;Jean-Denis;Jean-Denis Lacombe
"I can't breathe" : pessimisme 1670-1790.;Bouchard;Marie-Sylvaine;Marie-Sylvaine Bouchard
"bête à deux dos" : Christian devotional literature et anticipation dans la ville de Santeny avril ou mai 1008 - 4 août 1060.;Blum;Jean-Philbert;Jean-Philbert Blum
Être Trimmer à Asnières-sur-Seine 1793-1850.;Halphen;Marie-Emmanuelle;Marie-Emmanuelle Halphen
"You talkin' to me?" : surprise 1340-1380.;Ebel;Pierre-Augustin;Pierre-Augustin Ebel
"Vér mótmælum allir!" : Western Romance literature et passion dans la ville d'Antony du XVIIe siècle.;Lemaître;Marie-Lydie;Marie-Lydie Lemaître
Être négociant en timbres à Villeneuve-Saint-Georges pendant le cours des XIe et XIIe siècles.;Richard;Yannick-Marie;Yannick-Marie Richard
"You talkin' to me?" : soupçon 1157-fin du XVIe siècle.;Simon;Anne-Camille;Anne-Camille Simon
"L'inscription sur le mur" : tsukuri monogatari et irritabilité dans la ville de Saint-Maurice 1141-1184.;Maury;Pierre-Anatole;Pierre-Anatole Maury
Être pharmacien-biologiste à Saint-Maur-des-Fossés 1661-1715.;Antoine;Marie-Hannah;Marie-Hannah Antoine
"Honorificabilitudinitatibus" : pessimisme 1483?-1528.;Marcotte;Jean-Gilbert;Jean-Gilbert Marcotte
"Houston, we have a problem" : Suburban Gothic et soupçon dans la ville de Mandres-les-Roses 1428-1501.;Vié;Muriel;Muriel Vié
Être entraîneur physique à Roubaix au XVe siècle.;Chevauché;Jean-Corentin;Jean-Corentin Chevauché
"I can't breathe" : contrariété entre 1592 et 1700.;Gaborit-Chopin;Marie-Ghislaine;Marie-Ghislaine Gaborit-Chopin
"bête à deux dos" : Sirat et suspense à Chambéry 1297-1369.;Milhat;Sébastien-Marie;Sébastien-Marie Milhat
Être cryptozoologue à Vaucresson 1815-1900.;Morel;Marie-Osanne;Marie-Osanne Morel
"alpha et oméga" : désir 1624-1630.;Casaubon-Seignour;Jean-Hugues;Jean-Hugues Casaubon-Seignour
;Planchenault;Eugénie;Eugénie Planchenault
;Vallet-Collot;René;René Vallet-Collot
;Pouillon;Sarah;Sarah Pouillon
;Colombié;Jean-Hector;Jean-Hector Colombié
;Maury;Anne-Joséphine;Anne-Joséphine Maury
;Maupassant (de);Leandre-Marie;Leandre-Marie De Maupassant
;Maury;Marie-Julienne;Marie-Julienne Maury
;Malavieille;Jean-Richard;Jean-Richard Malavieille
;Lesage;Marie-Florence;Marie-Florence Lesage
;Bottin;Pierre-Hector;Pierre-Hector Bottin
;Tournoüer;Anne-Yseult;Anne-Yseult Tournoüer
;Charnier;Jean-Victor;Jean-Victor Charnier
;Burnel;Anne-Sylvianne;Anne-Sylvianne Burnel
;Le Guennec;Évariste;Évariste Le Guennec
;Foulet;Marie-Annette;Marie-Annette Foulet
;Jean;Pierre-Noe;Pierre-Noe Jean
;Dupouy;Marie-Emeline;Marie-Emeline Dupouy
;Duval;Pierre-Fiacre;Pierre-Fiacre Duval
;Jardin;Marie-Felicienne;Marie-Felicienne Jardin
;Duval;Jean-Samuel;Jean-Samuel Duval
;Rech;Marie-Émilie;Marie-Émilie Rech
;Haraux;Jean-Théophile;Jean-Théophile Haraux
;Labrouche;Aurele;Aurele Labrouche
;Claus;Pierre-Anselme;Pierre-Anselme Claus
;Delamarre;Anne-Joséphine;Anne-Joséphine Delamarre
;Mazeran;Pierre-Barnabe;Pierre-Barnabe Mazeran
;Lardy;Frédérique;Frédérique Lardy
;Gasparri;Roger;Roger Gasparri
;Lévy;Anne-Élise;Anne-Élise Lévy
;Boutaric;Jean-Anselme;Jean-Anselme Boutaric
;Demaison;Marie-Florianne;Marie-Florianne Demaison
;Mironneau;Laurent-Marie;Laurent-Marie Mironneau
;Clémence;Anne-Germaine;Anne-Germaine Clémence
;Bruleaux;Noël;Noël Bruleaux
;Guitard;Anne-Sebastienne;Anne-Sebastienne Guitard
;Héron De Villefosse;Yannic-Marie;Yannic-Marie Héron De Villefosse
;Monneraye (de la);Pierre-Rainier;Pierre-Rainier de la Monneraye
;Bonnier;Pierre-Célestin;Pierre-Célestin Bonnier
;Vidal;Anne-Armel;Anne-Armel Vidal
;Ricozzi;Noël-Marie;Noël-Marie Ricozzi
;Gauthier;Alexandrie;Alexandrie Gauthier
;Tatger;Armelle;Armelle Tatger
;Grundt;Pierre-Gautier;Pierre-Gautier Grundt
;Pigallet;Anne-Jacqueline;Anne-Jacqueline Pigallet
;Droguet;Pierre-Firmin;Pierre-Firmin Droguet
;Berniawski;Marie-Léonie;Marie-Léonie Berniawski
;Pons;Évariste-Marie;Évariste-Marie Pons
;Salles;Roxane;Roxane Salles
;La Tour-Sevelinges (de);Charlot;Charlot De La Tour-Sevelinges
;Mousset;Marie-Jeanne;Marie-Jeanne Mousset
;Jubert;Pierre-Zacharie;Pierre-Zacharie Jubert
;Plassard;Anne-Victorine;Anne-Victorine Plassard
;Cotton;Pierre-Nicodeme;Pierre-Nicodeme Cotton
;Wagner;Anne-Émilie;Anne-Émilie Wagner
;Landais;Roland;Roland Landais
;Ferry;Marie-Rebecca;Marie-Rebecca Ferry
;Girard;Pierre-Ignace;Pierre-Ignace Girard
;Souchal;Pierre-Odilon;Pierre-Odilon Souchal
;Hardel;Anne-Victoire;Anne-Victoire Hardel
;Dupont-Ferrier;Jean-Noe;Jean-Noe Dupont-Ferrier
;Roussel;Simone;Simone Roussel
;Labbé;Jean-Nicolas;Jean-Nicolas Labbé
;Sauvage;Pierre-Félicien;Pierre-Félicien Sauvage
;Libois;Nina;Nina Libois
;Quéguiner;Matthieu;Matthieu Quéguiner
;Malotaux;Marie-Olympe;Marie-Olympe Malotaux
;Teisseyre;Jean-Hippolyte;Jean-Hippolyte Teisseyre
;Leproux;Florette;Florette Leproux
;Jolly;Narcisse;Narcisse Jolly
;Roux (de);Marie-Lucrèce;Marie-Lucrèce De Roux
;Pairault;Marie-Stéphanie;Marie-Stéphanie Pairault
;Caucanas;Rainier;Rainier Caucanas
;Macquart De Terline;Anne-Christine;Anne-Christine Macquart De Terline
;Thérèse;Raoul;Raoul Thérèse
;Le Pottier;Marie-Jeanne;Marie-Jeanne Le Pottier
;Le Grand;Jean-Geraud;Jean-Geraud Le Grand
;Toulet;Marie-Gilberte;Marie-Gilberte Toulet
;Ferrera;Xavier-Marie;Xavier-Marie Ferrera
;Domergue;Anne-Noella;Anne-Noella Domergue
;Oppetit-Perné;Jean-Gaspard;Jean-Gaspard Oppetit-Perné
;Salvini;Marie-Ghislaine;Marie-Ghislaine Salvini
;Loire;Donatienne;Donatienne Loire
;Le Gendre;Humbert-Marie;Humbert-Marie Le Gendre
;Bidal;Anne-Rosette;Anne-Rosette Bidal
;Dandine;Jean-Lambert;Jean-Lambert Dandine
;Farcis;Gwenaelle;Gwenaelle Farcis
;Salles;Onesime;Onesime Salles
;Nortier;Armand;Armand Nortier
;Maréchal;Marie-Rolande;Marie-Rolande Maréchal
;Eymard;Christophe;Christophe Eymard
;Spinec;Gigi;Gigi Spinec
;Maupas;Bruno;Bruno Maupas
;Champy;Jean-Pascal;Jean-Pascal Champy
;Martin;Marie-Lucrèce;Marie-Lucrèce Martin
;Hoang-Thi;Jean-Bruno;Jean-Bruno Hoang-Thi
;Jolly;Marie-Nazaire;Marie-Nazaire Jolly
;Le Bègue De Germiny;Geraud-Marie;Geraud-Marie Le Bègue De Germiny
;Giteau;Juliette;Juliette Giteau
;Bargeton;Céleste;Céleste Bargeton
;Mouren;Anne-Rebecca;Anne-Rebecca Mouren
;Bonnot;Pierre-Barthélemy;Pierre-Barthélemy Bonnot
;Loriquet;Hannah;Hannah Loriquet
;Duhem;Pierre-Bruno;Pierre-Bruno Duhem
;Simon;Anne-Hilaire;Anne-Hilaire Simon
;Kim;Jean-Hubert;Jean-Hubert Kim
;Viard;Jean-Anselme;Jean-Anselme Viard
;Letrait;Anne-Lunete;Anne-Lunete Letrait
;Girod;Georges-Marie;Georges-Marie Girod
;Rendu;Anne-Juliette;Anne-Juliette Rendu
;Cabane;Pierre-Christophe;Pierre-Christophe Cabane
;Grimm;Marie-Arnaude;Marie-Arnaude Grimm
;Davy;Anne;Anne Davy
;Maral;Théodore;Théodore Maral
;Chassagne-Jabiol;Rachel;Rachel Chassagne-Jabiol
;Flammermont;Pierre-Vespasien;Pierre-Vespasien Flammermont
;Dujardin;Pierre-Humbert;Pierre-Humbert Dujardin
;Lalaguë-Guilhemsans;Anne-Axelle;Anne-Axelle Lalaguë-Guilhemsans
;Héliot;Emilien-Marie;Emilien-Marie Héliot
;Benrubi;Marie-Pascaline;Marie-Pascaline Benrubi
;Cattin;Jean-Alain;Jean-Alain Cattin
;Le Saulnier De Saint-Jouan;Anne-Fiacre;Anne-Fiacre Le Saulnier De Saint-Jouan
;Gilles;Edmond;Edmond Gilles
;Doux;Anne-Gervaise;Anne-Gervaise Doux
;Coq;Pierre-Roch;Pierre-Roch Coq
;Jezierski-Cartigny;Diodore-Marie;Diodore-Marie Jezierski-Cartigny
;Le Cacheux;Emmanuelle;Emmanuelle Le Cacheux
;Jubert;Samuel;Samuel Jubert
;Boüard (de);Marie-Eloise;Marie-Eloise de Boüard
;Forlivesi;Josue;Josue Forlivesi
;Himly;Marie-Laurette;Marie-Laurette Himly
;Reynaud;Prosper;Prosper Reynaud
;Le Stum;Suzette;Suzette Le Stum
;Goyhenêche;Jean-Urbain;Jean-Urbain Goyhenêche
;Gibiat;Marianne;Marianne Gibiat
;Eldin;Marin-Marie;Marin-Marie Eldin
;Ribeyrotte;Anne-Jeanne;Anne-Jeanne Ribeyrotte
;Richard;Hugues;Hugues Richard
;Auger;Marie-Madeleine;Marie-Madeleine Auger
;Pécantin;Bruno;Bruno Pécantin
;Faucher;Marie-Clothilde;Marie-Clothilde Faucher
;Vielliard-Lescuyer;Pierre-Apollinaire;Pierre-Apollinaire Vielliard-Lescuyer
;Pérouse;Léa;Léa Pérouse
;Hildesheimer;Jean-Gaston;Jean-Gaston Hildesheimer
;Thomet;Marie-Amédée;Marie-Amédée Thomet
;Black;Raphaël;Raphaël Black
;Fournié-Martinez;Dennis;Dennis Fournié-Martinez
;Adhémar;Anne-Isabelle;Anne-Isabelle Adhémar
;Herbomez (d’);Cerise;Cerise d’ Herbomez
;Doncœur;Jean-Onesime;Jean-Onesime Doncœur
;Ducaffy;Amaury-Marie;Amaury-Marie Ducaffy
;Devaux;Françoise;Françoise Devaux
;Knight;Anne-Fabiola;Anne-Fabiola Knight
;Verdure;Anne-Donatienne;Anne-Donatienne Verdure
;Sculford;Marcel;Marcel Sculford
;Centili;Xavier-Marie;Xavier-Marie Centili
;Geneste;Anne-Arienne;Anne-Arienne Geneste
;Renaudin;Gwenaelle;Gwenaelle Renaudin
;Jaeger;Philippe;Philippe Jaeger
;Michel;Gustave-Marie;Gustave-Marie Michel
;Farges;Éléonore;Éléonore Farges
;Isaac;Herbert-Marie;Herbert-Marie Isaac
;Cauwès;Giselle;Giselle Cauwès
;Lasteyrie (de);Pierre-Aurélien;Pierre-Aurélien De Lasteyrie
;Eichenlaub;Marie-Laure;Marie-Laure Eichenlaub
;Jacobs;Aurele;Aurele Jacobs
;Giraud;Anne-Georgette;Anne-Georgette Giraud
;Dupond;Jean-Gervais;Jean-Gervais Dupond
;de Vergnette;Anne-Lunete;Anne-Lunete de Vergnette
;Dumitrescu;Marie-Irene;Marie-Irene Dumitrescu
;Penicaut;Pierre-Gaston;Pierre-Gaston Penicaut
;Laforgue;Anselme;Anselme Laforgue
;Robbe;Jean-Theo;Jean-Theo Robbe
;Macquart De Terline;Anne-Salomé;Anne-Salomé Macquart De Terline
;Taupiac;Guy-Marie;Guy-Marie Taupiac
;Tissier;Anne-Honorine;Anne-Honorine Tissier
;Baudon De Mony;Jérôme;Jérôme Baudon De Mony
;Jandeaux;Élisabeth;Élisabeth Jandeaux
;Ferrand;Jean-Thomas;Jean-Thomas Ferrand
;Pouillon;Marie-Sophie;Marie-Sophie Pouillon
;Susini;Amédée;Amédée Susini
;Rosanbo (de);Lucinde;Lucinde De Rosanbo
;Merle-Gelly;Edgar;Edgar Merle-Gelly
;Boutillier Du Retail;Anne-Sarah;Anne-Sarah Boutillier Du Retail
;Delaborde;Corin-Marie;Corin-Marie Delaborde
;Terrat;Marie-Liane;Marie-Liane Terrat
;Léotoing D’anjony (de);Pierre-Nicholas;Pierre-Nicholas De Léotoing D’anjony
;Bastard, De, Marie-Emeline;;
;Meunier;Jean-Barnabe;Jean-Barnabe Meunier
;Chevrant-Breton;Marie-Morgane;Marie-Morgane Chevrant-Breton
;Laurain;Pierre-Guillaume;Pierre-Guillaume Laurain
;Dunoyer De Segonzac;Jeanne;Jeanne Dunoyer De Segonzac
;Bournonville;Grégoire;Grégoire Bournonville
;Dupuy-Olivier;Chantal;Chantal Dupuy-Olivier
;Richard;Jean-Eustache;Jean-Eustache Richard
;Pia;Anne-Blaise;Anne-Blaise Pia
;Gaulejac (de);Jean-Onesime;Jean-Onesime De Gaulejac
;Brau;Sophie;Sophie Brau
;Pris;Marie-Ghislaine;Marie-Ghislaine Pris
;Pontier;Victor;Victor Pontier
;Pétillat;Anne-Lambert;Anne-Lambert Pétillat
;Daon;Jacques-Marie;Jacques-Marie Daon
;Clément;Anne-Morgaine;Anne-Morgaine Clément
;Fuchs;Amédée-Marie;Amédée-Marie Fuchs
;Philippon;Anne-Emma;Anne-Emma Philippon
;Berthier-Georgesco;Jules;Jules Berthier-Georgesco
;Dinard;Anne-Élisabeth;Anne-Élisabeth Dinard
;Girod;Corin-Marie;Corin-Marie Girod
;Rouziès;Marie-Seraphine;Marie-Seraphine Rouziès
;Babelon;Florentin;Florentin Babelon
;Aubert;Anne-Sophie;Anne-Sophie Aubert
;Royal;Raymond-Marie;Raymond-Marie Royal
;Milliez;Marie-Lisette;Marie-Lisette Milliez
;Escudier;Marie-Irénée;Marie-Irénée Escudier
;Ascoli;Tristan-Marie;Tristan-Marie Ascoli
;Boutillier Du Retail;Anne-Seraphine;Anne-Seraphine Boutillier Du Retail
;Cattin;Valery;Valery Cattin
;Vergne;Anne-Nicolette;Anne-Nicolette Vergne
;Lemps (de);Louis-Marie;Louis-Marie De Lemps
;Liard;Anne-Juste;Anne-Juste Liard
;Tilloy;Emmanuel-Marie;Emmanuel-Marie Tilloy
;Alcouffe;Pierre-Marcel;Pierre-Marcel Alcouffe
;Becdelièvre-Lambert (de);Marie-Rachel;Marie-Rachel De Becdelièvre-Lambert
;Courtial;Pierre-Theo;Pierre-Theo Courtial
;Lequatre;Rosemonde;Rosemonde Lequatre
;Lyon-Caen;Laurent;Laurent Lyon-Caen
;L’Huillier-Guibert (de);Marie-Jeannine;Marie-Jeannine De L’Huillier-Guibert
;Dacier;Germain-Marie;Germain-Marie Dacier
;Deslandres;Celestine;Celestine Deslandres
;Maillard;Richard;Richard Maillard
;Forgeot;Marie-Sandrine;Marie-Sandrine Forgeot
;Bonnel;Jean-Telesphore;Jean-Telesphore Bonnel
;Boutaric;Jolie;Jolie Boutaric
;Archer;Pierre-Florentin;Pierre-Florentin Archer
;Marion;Marie-Henriette;Marie-Henriette Marion
;François;Pierre-Hyacinthe;Pierre-Hyacinthe François
;Berton;Marie-Élise;Marie-Élise Berton
;Hugues;Pierre-Jean;Pierre-Jean Hugues
;Surcouf;Marie-Émilie;Marie-Émilie Surcouf
;Perrot;Anne-Gigi;Anne-Gigi Perrot
;Rollet;Jean-Olympe;Jean-Olympe Rollet
;Romefort (de);Marie-Daniele;Marie-Daniele de Romefort
;Le Pottier;Noël;Noël Le Pottier
;L’Huillier-Guibert (de);Antoinette;Antoinette De L’Huillier-Guibert
;Renaudin;Jean-Firmin;Jean-Firmin Renaudin
;Benoit;Nicole;Nicole Benoit
;Le Barrois D’orgeval;Hugues;Hugues Le Barrois D’orgeval
;Dropet;Anne-Juliette;Anne-Juliette Dropet
;Lachenaud;Christian-Marie;Christian-Marie Lachenaud
;Capot;Anne-Jacqueline;Anne-Jacqueline Capot
;Guérin;Pierre-Emmanuel;Pierre-Emmanuel Guérin
;Demerliac;Clarisse;Clarisse Demerliac
;Trouillet;Pierre-Leandre;Pierre-Leandre Trouillet
;Waille;Anne-Sylvie;Anne-Sylvie Waille
;Delmas;Anne-Louise;Anne-Louise Delmas
;Clot;Samuel;Samuel Clot
;Suchet;Anne-Muriel;Anne-Muriel Suchet
;Etchegoyen (d’);Pierre-Denis;Pierre-Denis d’ Etchegoyen
;Chazaud;Aurélien;Aurélien Chazaud
;Crépy;Marie-Desiree;Marie-Desiree Crépy
;Bastien;Robert-Marie;Robert-Marie Bastien
;Henwood;Marie-Fabiola;Marie-Fabiola Henwood
;Guitard;Baudouin-Marie;Baudouin-Marie Guitard
;Emanuelli;Anne-Monique;Anne-Monique Emanuelli
;Dugueyt;Constant;Constant Dugueyt
;Pelletan;Marie-Jeannine;Marie-Jeannine Pelletan
;Papinot;Jean-Christophe;Jean-Christophe Papinot
;Bruel;Mariette;Mariette Bruel
;Genevois;Régis;Régis Genevois
;Dussart;Anne-Jeanne;Anne-Jeanne Dussart
;Maître;Jean-Odilon;Jean-Odilon Maître
;Verlet-Réaubourg;Colombe;Colombe Verlet-Réaubourg
;Anciaux;Pierre-Rodrigue;Pierre-Rodrigue Anciaux
;Loyant;Anne-Toinette;Anne-Toinette Loyant
;Framond (de);Pierre-Jérôme;Pierre-Jérôme De Framond
;Gaulejac, De, Anne-Évariste;;
;Jacquart;Yanick-Marie;Yanick-Marie Jacquart
;Baratier;Anne-Ignace;Anne-Ignace Baratier
;Saffré;Marie-Rose;Marie-Rose Saffré
;Trocmé;Pierre-Michel;Pierre-Michel Trocmé
;Mathis;Anne-Ninon;Anne-Ninon Mathis
;Claudon;Jean-Baudouin;Jean-Baudouin Claudon
;Le Bris-Castandet;Gaspard;Gaspard Le Bris-Castandet
;Caillé;Marie-Carine;Marie-Carine Caillé
;Auger;Jean-Roland;Jean-Roland Auger
;Massip;Marie-Perrine;Marie-Perrine Massip
;Parent;Jérôme;Jérôme Parent
;Parent;Marie-Desiree;Marie-Desiree Parent
;Boisset;Jean-Dion;Jean-Dion Boisset
;Gordien;Penelope;Penelope Gordien
;Olivier Martin;Theo;Theo Olivier Martin
;Mercier De Lacombe;Sibylle;Sibylle Mercier De Lacombe
;Delafosse;Narcisse-Marie;Narcisse-Marie Delafosse
;Robert;Sibylle;Sibylle Robert
;Delpu;Pierre-Horace;Pierre-Horace Delpu
;Boeuf;Melissa;Melissa Boeuf
;Roche;Pierre-Eugène;Pierre-Eugène Roche
;Pascal;Anne-Leonne;Anne-Leonne Pascal
;Benrubi;Firmin-Marie;Firmin-Marie Benrubi
;Salone;Anne-Amélie;Anne-Amélie Salone
;Besnier;Jean-Alexandre;Jean-Alexandre Besnier
